<?xml version="1.0" encoding="UTF-8"?>
<project-private xmlns="http://www.netbeans.org/ns/project-private/1">
    <editor-bookmarks xmlns="http://www.netbeans.org/ns/editor-bookmarks/2" lastBookmarkId="0"/>
    <open-files xmlns="http://www.netbeans.org/ns/projectui-open-files/2">
        <group>
            <file>file:/home/shernandez/Docencia/EDA/curso2022_2023/EDA-Vicalvaro/Ejercicios/Tema1/para%20clase/EjerciciosGenerics/src/Ejercicio1_2/Ejercicio1Main.java</file>
            <file>file:/home/shernandez/Docencia/EDA/curso2022_2023/EDA-Vicalvaro/Ejercicios/Tema1/para%20clase/EjerciciosGenerics/src/Ejercicio1_2/Ejercicio2Main.java</file>
            <file>file:/home/shernandez/Docencia/EDA/curso2022_2023/EDA-Vicalvaro/Ejercicios/Tema1/para%20clase/EjerciciosGenerics/src/Ejercicio3/StacksExample.java</file>
        </group>
    </open-files>
</project-private>
